/*
Post-Deployment Script Template                            
--------------------------------------------------------------------------------------
 This file contains SQL statements that will be appended to the build script.        
 Use SQLCMD syntax to include a file in the post-deployment script.            
 Example:      :r .\myfile.sql                                
 Use SQLCMD syntax to reference a variable in the post-deployment script.        
 Example:      :setvar TableName MyTable                            
               SELECT * FROM [$(TableName)]                    
--------------------------------------------------------------------------------------
*/

INSERT INTO [Order].[Address] ([Street],[City],[State],[Zip],[CreatedDate],[UpdatedDate],[Active]) VALUES
    ('Ap #631-1869 Imperdiet, St.','Clarksville','TN','17268','2016-12-05 00:00:00','2016-12-05 00:00:00',1),
    ('7530 Quisque St.','Lafayette','LA','84106','2016-12-05 00:00:00','2016-12-05 00:00:00',1),
    ('6297 Leo Av.','South Bend','IN','33980','2016-12-05 00:00:00','2016-12-05 00:00:00',1),
    ('9938 Ligula. Av.','Columbus','OH','31085','2016-12-05 00:00:00','2016-12-05 00:00:00',1),
    ('6414 Justo Avenue','Chattanooga','TN','13426','2016-12-05 00:00:00','2016-12-05 00:00:00',1),
    ('P.O. Box 790, 9982 Nisl. Street','Burlington','VT','36785','2016-12-05 00:00:00','2016-12-05 00:00:00',1),
    ('597-8335 Id, Ave','Jackson','MS','63768','2016-12-05 00:00:00','2016-12-05 00:00:00',1),
    ('Ap #572-6568 Mattis. Street','Fresno','CA','95668','2016-12-05 00:00:00','2016-12-05 00:00:00',1),
    ('1457 Aliquam Street','Lawton','OK','91453','2016-12-05 00:00:00','2016-12-05 00:00:00',1),
    ('637-7564 Dui Street','Biloxi','MS','55465','2016-12-05 00:00:00','2016-12-05 00:00:00',1),
    ('Ap #966-5584 Nullam Av.','Erie','PA','83748','2016-12-05 00:00:00','2016-12-05 00:00:00',1),
    ('588-6634 Odio. Ave','Covington','KY','31875','2016-12-05 00:00:00','2016-12-05 00:00:00',1),
    ('2799 Neque St.','Springfield','MO','88398','2016-12-05 00:00:00','2016-12-05 00:00:00',1),
    ('P.O. Box 941, 5481 Id, St.','Metairie','LA','89175','2016-12-05 00:00:00','2016-12-05 00:00:00',1),
    ('3895 Leo. Avenue','Overland Park','KS','24716','2016-12-05 00:00:00','2016-12-05 00:00:00',1),
    ('P.O. Box 675, 9889 Velit. Rd.','Lakewood','CO','53416','2016-12-05 00:00:00','2016-12-05 00:00:00',1),
    ('Ap #350-1002 Quam. Av.','San Antonio','TX','77567','2016-12-05 00:00:00','2016-12-05 00:00:00',1),
    ('P.O. Box 820, 4022 At St.','Virginia Beach','VA','34198','2016-12-05 00:00:00','2016-12-05 00:00:00',1),
    ('P.O. Box 646, 6323 Fermentum Avenue','Lowell','MA','98457','2016-12-05 00:00:00','2016-12-05 00:00:00',1),
    ('Ap #391-6773 Magna St.','Boise','ID','86299','2016-12-05 00:00:00','2016-12-05 00:00:00',1),
    ('P.O. Box 446, 5251 Egestas St.','Harrisburg','PA','71877','2016-12-05 00:00:00','2016-12-05 00:00:00',1),
    ('Ap #244-9439 Mauris Road','Hattiesburg','MS','30018','2016-12-05 00:00:00','2016-12-05 00:00:00',1),
    ('P.O. Box 192, 2118 Dolor. Rd.','Salt Lake City','UT','61447','2016-12-05 00:00:00','2016-12-05 00:00:00',1),
    ('308-5730 Lorem Street','Dover','DE','43996','2016-12-05 00:00:00','2016-12-05 00:00:00',1),
    ('P.O. Box 766, 2169 Diam Rd.','Houston','TX','69683','2016-12-05 00:00:00','2016-12-05 00:00:00',1);
GO

INSERT INTO People.Account ([Username],[Password],[Role],[CreatedDate],[UpdatedDate],[Active]) VALUES
    ('Zmj09auJ5','ZXZ66SQL9IC','admin','2016-12-05 00:00:00','2016-12-05 00:00:00',1),
    ('Sjp85znV8','VSZ88NSY3VO','admin','2016-12-05 00:00:00','2016-12-05 00:00:00',1),
    ('Qrb57csF2','CFV97OFK1ZP','admin','2016-12-05 00:00:00','2016-12-05 00:00:00',1),
    ('Qes93lsL9','XLU03NWN7IT','customer','2016-12-05 00:00:00','2016-12-05 00:00:00',1),
    ('Kyn27fxS0','YJS13ZZZ1II','customer','2016-12-05 00:00:00','2016-12-05 00:00:00',1),
    ('Xdx67qnH5','TNK68CUS2LX','customer','2016-12-05 00:00:00','2016-12-05 00:00:00',1),
    ('Xqg39nmA3','TBP67RIM7TN','customer','2016-12-05 00:00:00','2016-12-05 00:00:00',1),
    ('Owl31zrD2','WDZ94NRC2YG','customer','2016-12-05 00:00:00','2016-12-05 00:00:00',1),
    ('Ddq12iuT9','UGW19XQM7WS','customer','2016-12-05 00:00:00','2016-12-05 00:00:00',1),
    ('Ure89ffM9','PXT30WVV4LO','customer','2016-12-05 00:00:00','2016-12-05 00:00:00',1),
    ('Nur11ynV4','HPL36PCA3VH','customer','2016-12-05 00:00:00','2016-12-05 00:00:00',1),
    ('Kzt15jdJ3','ENT50JRA0EX','customer','2016-12-05 00:00:00','2016-12-05 00:00:00',1),
    ('Vzw96fmE8','XHL29FQS3IZ','customer','2016-12-05 00:00:00','2016-12-05 00:00:00',1),
    ('Wtp42ksW5','UTF39UEX2HD','customer','2016-12-05 00:00:00','2016-12-05 00:00:00',1),
    ('Lei70svQ8','AKI61UNP5IR','customer','2016-12-05 00:00:00','2016-12-05 00:00:00',1),
    ('Ngv78yuK8','BXJ90NKI3JH','customer','2016-12-05 00:00:00','2016-12-05 00:00:00',1),
    ('Iae56tpO5','PUF70LDX6MO','customer','2016-12-05 00:00:00','2016-12-05 00:00:00',1),
    ('Tyt72vhA6','TXC94NYD0DV','customer','2016-12-05 00:00:00','2016-12-05 00:00:00',1),
    ('Oyz47pwC7','OUQ34ECY4ZO','customer','2016-12-05 00:00:00','2016-12-05 00:00:00',1),
    ('Iix78jcN8','UPI82QRM3TN','customer','2016-12-05 00:00:00','2016-12-05 00:00:00',1),
    ('Aos09wyG7','YAR66BMU8EA','customer','2016-12-05 00:00:00','2016-12-05 00:00:00',1),
    ('Sfi91ivT8','HUU92KWB5QH','customer','2016-12-05 00:00:00','2016-12-05 00:00:00',1),
    ('Ssi45rhH2','QSL26TIP9BK','customer','2016-12-05 00:00:00','2016-12-05 00:00:00',1),
    ('Nwi33ozV1','XNY85OVJ3BN','customer','2016-12-05 00:00:00','2016-12-05 00:00:00',1),
    ('Kxz70dyW3','LVR29NYB6UW','customer','2016-12-05 00:00:00','2016-12-05 00:00:00',1),
    ('Xhf12euL9','MPZ68PUN5KA','customer','2016-12-05 00:00:00','2016-12-05 00:00:00',1),
    ('Nef88vyU4','SOB08DHC1AZ','customer','2016-12-05 00:00:00','2016-12-05 00:00:00',1),
    ('Udb61eyZ5','XJW05HMP0QH','customer','2016-12-05 00:00:00','2016-12-05 00:00:00',1);
GO

INSERT INTO People.Customer ([Name],[AccountID],[AddressID],[CreatedDate],[UpdatedDate],[Active]) VALUES
    ('Riley Fuentes',4,1,'2016-12-05 00:00:00','2016-12-05 00:00:00',1),
    ('Melodie Everett',5,2,'2016-12-05 00:00:00','2016-12-05 00:00:00',1),
    ('Lionel Durham',6,3,'2016-12-05 00:00:00','2016-12-05 00:00:00',1),
    ('Rowan Graves',7,4,'2016-12-05 00:00:00','2016-12-05 00:00:00',1),
    ('Avram Steele',8,5,'2016-12-05 00:00:00','2016-12-05 00:00:00',1),
    ('Nathan Crawford',9,6,'2016-12-05 00:00:00','2016-12-05 00:00:00',1),
    ('Hamilton Beard',10,7,'2016-12-05 00:00:00','2016-12-05 00:00:00',1),
    ('Raya William',11,8,'2016-12-05 00:00:00','2016-12-05 00:00:00',1),
    ('Uma Collins',12,9,'2016-12-05 00:00:00','2016-12-05 00:00:00',1),
    ('Amethyst Mcconnell',13,10,'2016-12-05 00:00:00','2016-12-05 00:00:00',1),
    ('Ali Adams',14,11,'2016-12-05 00:00:00','2016-12-05 00:00:00',1),
    ('Seth Charles',15,12,'2016-12-05 00:00:00','2016-12-05 00:00:00',1),
    ('Ramona Oneal',16,13,'2016-12-05 00:00:00','2016-12-05 00:00:00',1),
    ('Venus Pate',17,14,'2016-12-05 00:00:00','2016-12-05 00:00:00',1),
    ('Buffy Golden',18,15,'2016-12-05 00:00:00','2016-12-05 00:00:00',1),
    ('Madonna Baxter',19,16,'2016-12-05 00:00:00','2016-12-05 00:00:00',1),
    ('Patrick Hays',20,17,'2016-12-05 00:00:00','2016-12-05 00:00:00',1),
    ('Dana England',21,18,'2016-12-05 00:00:00','2016-12-05 00:00:00',1),
    ('Lewis Burton',22,19,'2016-12-05 00:00:00','2016-12-05 00:00:00',1),
    ('Adam Scott',23,20,'2016-12-05 00:00:00','2016-12-05 00:00:00',1),
    ('Fiona Burnett',24,21,'2016-12-05 00:00:00','2016-12-05 00:00:00',1),
    ('Kareem Kane',25,22,'2016-12-05 00:00:00','2016-12-05 00:00:00',1),
    ('Silas Clark',26,23,'2016-12-05 00:00:00','2016-12-05 00:00:00',1),
    ('Hayden Montoya',27,24,'2016-12-05 00:00:00','2016-12-05 00:00:00',1),
    ('Carlos Yates',28,25,'2016-12-05 00:00:00','2016-12-05 00:00:00',1);
GO

INSERT INTO Product.Category ([Name],[CreatedDate],[UpdatedDate],[Active]) VALUES
    ('Electronics','2016-12-05 00:00:00','2016-12-05 00:00:00',1),
    ('Clothing','2016-12-05 00:00:00','2016-12-05 00:00:00',1),
    ('Toys','2016-12-05 00:00:00','2016-12-05 00:00:00',1),
    ('Office Supplies','2016-12-05 00:00:00','2016-12-05 00:00:00',1),
    ('Construction Supplies','2016-12-05 00:00:00','2016-12-05 00:00:00',1),
    ('Instruments','2016-12-05 00:00:00','2016-12-05 00:00:00',1),
    ('Art Supplies','2016-12-05 00:00:00','2016-12-05 00:00:00',1),
    ('Games','2016-12-05 00:00:00','2016-12-05 00:00:00',1);
GO

INSERT INTO Product.Product ([Name],[Description],[Price],[ImagePath],[CategoryID],[CreatedDate],[UpdatedDate],[Active]) VALUES
    ('Violin','Lorem ipsum dolor sit amet, consectetuer adipiscing elit. Curabitur sed tortor. Integer aliquam adipiscing lacus. Ut nec urna et arcu imperdiet ullamcorper. Duis at lacus. Quisque purus sapien, gravida non, sollicitudin a, malesuada',184.34,'violin.png',6,'2016-12-05 00:00:00','2016-12-05 00:00:00','1'),
    ('Rubik''s Cube','Lorem ipsum dolor sit amet, consectetuer adipiscing elit. Curabitur sed tortor. Integer aliquam adipiscing lacus. Ut nec urna et arcu imperdiet ullamcorper. Duis at lacus.',586.49,'rubiks-cube.png',3,'2016-12-05 00:00:00','2016-12-05 00:00:00','1'),
    ('Trombone','Lorem ipsum dolor sit amet, consectetuer adipiscing elit. Curabitur sed tortor. Integer aliquam adipiscing lacus. Ut nec urna et arcu imperdiet ullamcorper. Duis at lacus. Quisque purus sapien, gravida non,',922.74,'trombone.png',6,'2016-12-05 00:00:00','2016-12-05 00:00:00','1'),
    ('Lego Kit','Lorem ipsum dolor sit amet, consectetuer adipiscing elit. Curabitur sed tortor. Integer aliquam adipiscing lacus. Ut nec urna et arcu imperdiet ullamcorper. Duis at lacus. Quisque purus sapien, gravida',416.00,'lego-kit.png',3,'2016-12-05 00:00:00','2016-12-05 00:00:00','1'),
    ('2x4 Plank','Lorem ipsum dolor sit amet, consectetuer adipiscing elit. Curabitur sed tortor. Integer aliquam adipiscing lacus. Ut nec urna et arcu',613.17,'2-by-4-plank.png',5,'2016-12-05 00:00:00','2016-12-05 00:00:00','1'),
    ('19 Inch Television','Lorem ipsum dolor sit amet, consectetuer adipiscing elit. Curabitur sed tortor. Integer aliquam adipiscing lacus. Ut nec urna et arcu imperdiet ullamcorper. Duis at',721.59,'19-inch-television.png',1,'2016-12-05 00:00:00','2016-12-05 00:00:00','1'),
    ('XBox One','Lorem ipsum dolor sit amet, consectetuer adipiscing elit. Curabitur sed tortor. Integer aliquam adipiscing lacus. Ut nec urna et arcu imperdiet',674.90,'xbox-one.png',1,'2016-12-05 00:00:00','2016-12-05 00:00:00','1'),
    ('Easel','Lorem ipsum dolor sit amet, consectetuer adipiscing elit. Curabitur sed tortor. Integer aliquam adipiscing lacus. Ut nec urna et arcu imperdiet ullamcorper. Duis at lacus. Quisque purus sapien, gravida',122.30,'easel.png',7,'2016-12-05 00:00:00','2016-12-05 00:00:00','1'),
    ('Hammer','Lorem ipsum dolor sit amet, consectetuer adipiscing elit. Curabitur sed tortor. Integer aliquam adipiscing lacus. Ut nec urna et arcu imperdiet ullamcorper. Duis at lacus. Quisque purus sapien, gravida non, sollicitudin',917.22,'hammer.png',5,'2016-12-05 00:00:00','2016-12-05 00:00:00','1'),
    ('Nails','Lorem ipsum dolor sit amet, consectetuer adipiscing elit. Curabitur sed tortor. Integer aliquam adipiscing lacus. Ut nec urna et arcu imperdiet ullamcorper. Duis at lacus. Quisque purus sapien,',883.26,'nails.png',5,'2016-12-05 00:00:00','2016-12-05 00:00:00','1'),
    ('Black T-Shirts (6 Pack)','Lorem ipsum dolor sit amet, consectetuer adipiscing elit. Curabitur sed tortor. Integer aliquam adipiscing lacus. Ut nec urna et arcu imperdiet ullamcorper. Duis',832.70,'black-t-shirt.png',2,'2016-12-05 00:00:00','2016-12-05 00:00:00','1'),
    ('Train Set','Lorem ipsum dolor sit amet, consectetuer adipiscing elit. Curabitur sed tortor. Integer aliquam adipiscing lacus. Ut nec urna et arcu imperdiet ullamcorper. Duis at lacus. Quisque purus sapien, gravida non, sollicitudin',874.72,'train-set.png',3,'2016-12-05 00:00:00','2016-12-05 00:00:00','1'),
    ('Xylophone','Lorem ipsum dolor sit amet, consectetuer adipiscing elit. Curabitur sed tortor. Integer aliquam adipiscing lacus. Ut nec urna et arcu imperdiet ullamcorper. Duis at lacus. Quisque purus',63.20,'xylophone.png',6,'2016-12-05 00:00:00','2016-12-05 00:00:00','1'),
    ('Monopoly','Lorem ipsum dolor sit amet, consectetuer adipiscing elit. Curabitur sed tortor. Integer aliquam adipiscing lacus. Ut nec urna et arcu imperdiet ullamcorper. Duis at lacus. Quisque purus sapien, gravida non, sollicitudin a, malesuada id, erat.',12.44,'monopoly.png',8,'2016-12-05 00:00:00','2016-12-05 00:00:00','1'),
    ('Dell Inspiron 7000 2-in-1','Lorem ipsum dolor sit amet, consectetuer adipiscing elit. Curabitur sed tortor. Integer aliquam adipiscing lacus. Ut nec urna et arcu imperdiet ullamcorper. Duis at lacus. Quisque purus sapien, gravida non, sollicitudin a, malesuada id, erat.',105.93,'dell-inspiron-7000-2-in-1.png',1,'2016-12-05 00:00:00','2016-12-05 00:00:00','1'),
    ('PlayStation 4','Lorem ipsum dolor sit amet, consectetuer adipiscing elit. Curabitur sed tortor. Integer aliquam adipiscing lacus. Ut nec urna et arcu imperdiet ullamcorper. Duis at lacus. Quisque purus sapien, gravida non,',404.74,'playstation-4.png',1,'2016-12-05 00:00:00','2016-12-05 00:00:00','1'),
    ('Paper Clips (Set of 200)','Lorem ipsum dolor sit amet, consectetuer adipiscing elit. Curabitur sed tortor. Integer aliquam adipiscing lacus. Ut nec urna et arcu imperdiet ullamcorper. Duis at lacus. Quisque purus sapien, gravida non, sollicitudin',543.35,'paper-clips.png',4,'2016-12-05 00:00:00','2016-12-05 00:00:00','1'),
    ('Building Blocks','Lorem ipsum dolor sit amet, consectetuer adipiscing elit. Curabitur sed tortor. Integer aliquam adipiscing lacus. Ut nec urna et arcu imperdiet ullamcorper. Duis',527.23,'building-blocks.png',3,'2016-12-05 00:00:00','2016-12-05 00:00:00','1'),
    ('Torn Designer Jeans','Lorem ipsum dolor sit amet, consectetuer adipiscing elit. Curabitur sed tortor. Integer aliquam adipiscing lacus. Ut nec urna et arcu imperdiet ullamcorper. Duis at lacus. Quisque',697.92,'torn-designer-jeans.png',2,'2016-12-05 00:00:00','2016-12-05 00:00:00','1');
GO

INSERT INTO [Order].[Order] ([CustomerID],[AddressID],[StripeID],[CreatedDate],[UpdatedDate],[Active]) VALUES
    (13,13,'or_38RV6Z8kXvCIcc8Zvt5rhXzZ','2016-12-05 00:00:00','2016-12-05 00:00:00',1),
    (9,9,'or_18YN4N3lFfHTfa4Rxs0dgCyC','2016-12-05 00:00:00','2016-12-05 00:00:00',1),
    (23,23,'or_18SR6V3gGoZMvo7Hsy1ppHbV','2016-12-05 00:00:00','2016-12-05 00:00:00',1),
    (20,20,'or_27WD7H6qDqEVls7Oiw7ytIbJ','2016-12-05 00:00:00','2016-12-05 00:00:00',1),
    (6,6,'or_07XQ3S9lZlRSpn9Dis2yxIyI','2016-12-05 00:00:00','2016-12-05 00:00:00',1),
    (16,16,'or_69CH4A4wBiPOkm7Jxp9suWiN','2016-12-05 00:00:00','2016-12-05 00:00:00',1),
    (2,2,'or_37GK9R0aWsEDqu5Hta3eoPqV','2016-12-05 00:00:00','2016-12-05 00:00:00',1),
    (16,16,'or_38LS2W8mPtDAxp1Wmr9uqMtF','2016-12-05 00:00:00','2016-12-05 00:00:00',1),
    (4,4,'or_99UV4W1jEiIIvm6Nsf2diWrE','2016-12-05 00:00:00','2016-12-05 00:00:00',1),
    (3,3,'or_86CO8U7kHiCKcz7Pfc3bkGsV','2016-12-05 00:00:00','2016-12-05 00:00:00',1),
    (20,20,'or_20WD2X4gCnFMlf1Ziq4kdZlC','2016-12-05 00:00:00','2016-12-05 00:00:00',1),
    (13,13,'or_47HB4F9qYwLEyt1Lne8yoAgH','2016-12-05 00:00:00','2016-12-05 00:00:00',1),
    (17,17,'or_86LW1E1wGrTEei2Ayz5viMsE','2016-12-05 00:00:00','2016-12-05 00:00:00',1),
    (13,13,'or_54DR3F1pKfUKqq6Ioq4hpXdL','2016-12-05 00:00:00','2016-12-05 00:00:00',1),
    (13,13,'or_45WW1O6lIdKPjo7Whf5icUrT','2016-12-05 00:00:00','2016-12-05 00:00:00',1),
    (9,9,'or_48RR0C8sQjDFlg0Izq5zlNfE','2016-12-05 00:00:00','2016-12-05 00:00:00',1),
    (22,22,'or_78TA2H2dMkFRqz6Din6ovBnW','2016-12-05 00:00:00','2016-12-05 00:00:00',1),
    (20,20,'or_73HZ0F2zRtVJzu9Nfu9pxBoE','2016-12-05 00:00:00','2016-12-05 00:00:00',1),
    (4,4,'or_44ZP0Z1nPzEFto4Jqp1flZsQ','2016-12-05 00:00:00','2016-12-05 00:00:00',1),
    (7,7,'or_08GX2Z7oUqARoj4Jyf1znOfH','2016-12-05 00:00:00','2016-12-05 00:00:00',1),
    (10,10,'or_56LT4H2qWmLUep3Lra6yuYrQ','2016-12-05 00:00:00','2016-12-05 00:00:00',1),
    (9,9,'or_86FZ9R6uLcVDmq9Ybi4pkHzF','2016-12-05 00:00:00','2016-12-05 00:00:00',1),
    (9,9,'or_27JT3W2aKkYGfy8Rps7gjVqX','2016-12-05 00:00:00','2016-12-05 00:00:00',1),
    (13,13,'or_12HZ9F9tSwROov5Ivj5phZqV','2016-12-05 00:00:00','2016-12-05 00:00:00',1),
    (3,3,'or_34VW4A3oUyZGsi3Rbh1jdCrZ','2016-12-05 00:00:00','2016-12-05 00:00:00',1),
    (8,8,'or_62XR7P5sNnKLst3Qdh6pdIcX','2016-12-05 00:00:00','2016-12-05 00:00:00',1),
    (14,14,'or_64VD8Y6zKoPJpw2Vzh8vdErH','2016-12-05 00:00:00','2016-12-05 00:00:00',1),
    (5,5,'or_95MC9X6aNlMTiy2Cqg7znGgZ','2016-12-05 00:00:00','2016-12-05 00:00:00',1),
    (14,14,'or_34XB1L0zKuWUok0Xtj1vzWzY','2016-12-05 00:00:00','2016-12-05 00:00:00',1),
    (5,5,'or_78VV9F7uWbAHkr2Crp4esUyA','2016-12-05 00:00:00','2016-12-05 00:00:00',1),
    (15,15,'or_51IR3W5dRbQIyk7Ewd1avKyE','2016-12-05 00:00:00','2016-12-05 00:00:00',1),
    (15,15,'or_08ZE1C9hBnAAnm2Wea9pmVqX','2016-12-05 00:00:00','2016-12-05 00:00:00',1),
    (23,23,'or_98TP8M0tYsPPwf1Wxv8kbEbN','2016-12-05 00:00:00','2016-12-05 00:00:00',1),
    (9,9,'or_91CX3I5dIbEMun4Zzf7imUaP','2016-12-05 00:00:00','2016-12-05 00:00:00',1),
    (1,1,'or_20QI3T4mSbIRdh8Whs5miHdV','2016-12-05 00:00:00','2016-12-05 00:00:00',1),
    (10,10,'or_50SX4N0zNhIJzi0Lxf4wwSjX','2016-12-05 00:00:00','2016-12-05 00:00:00',1),
    (17,17,'or_90XC7X7bPtIGpm1Rlf7ilTgM','2016-12-05 00:00:00','2016-12-05 00:00:00',1),
    (16,16,'or_22BY2V7wRkQQnk7Hhd3mlRyL','2016-12-05 00:00:00','2016-12-05 00:00:00',1),
    (14,14,'or_64LR8A6oHbXCbe1Nkd6qlIrS','2016-12-05 00:00:00','2016-12-05 00:00:00',1),
    (4,4,'or_45SE7S2rBqPOpc0Fhv0svSkE','2016-12-05 00:00:00','2016-12-05 00:00:00',1),
    (8,8,'or_72HW6X0jIfCYhq1Why7mhSjM','2016-12-05 00:00:00','2016-12-05 00:00:00',1),
    (10,10,'or_88TD1B7vJxDFej3Mif4zzWmP','2016-12-05 00:00:00','2016-12-05 00:00:00',1),
    (2,2,'or_59IT9G2mPdFTyq6Ymc1lyWyN','2016-12-05 00:00:00','2016-12-05 00:00:00',1),
    (17,17,'or_93UP6I8dWkBEzj2Kbe6qzGfP','2016-12-05 00:00:00','2016-12-05 00:00:00',1),
    (17,17,'or_10FG8S6dGqWImy3Yzo3maEpR','2016-12-05 00:00:00','2016-12-05 00:00:00',1),
    (22,22,'or_96XJ8D8tQrEFmz7Jle9ufTdW','2016-12-05 00:00:00','2016-12-05 00:00:00',1),
    (9,9,'or_88NJ9J2vZzGGkg2Dlp0hfXpB','2016-12-05 00:00:00','2016-12-05 00:00:00',1),
    (15,15,'or_42FZ6Q5bOwSKbg7Rfo5klBkJ','2016-12-05 00:00:00','2016-12-05 00:00:00',1),
    (8,8,'or_00QR5R3wJdCTjj0Zqa0hkUtT','2016-12-05 00:00:00','2016-12-05 00:00:00',1),
    (5,5,'or_04DO0Y3mGdKKqt1Ykr2egVgJ','2016-12-05 00:00:00','2016-12-05 00:00:00',1);
GO

INSERT INTO [Order].Cart ([CustomerID],[CreatedDate],[UpdatedDate],[Active]) VALUES
    (4,'2016-12-05 00:00:00','2016-12-05 00:00:00',1),
    (5,'2016-12-05 00:00:00','2016-12-05 00:00:00',1),
    (6,'2016-12-05 00:00:00','2016-12-05 00:00:00',1),
    (7,'2016-12-05 00:00:00','2016-12-05 00:00:00',1),
    (8,'2016-12-05 00:00:00','2016-12-05 00:00:00',1),
    (9,'2016-12-05 00:00:00','2016-12-05 00:00:00',1),
    (10,'2016-12-05 00:00:00','2016-12-05 00:00:00',1),
    (11,'2016-12-05 00:00:00','2016-12-05 00:00:00',1),
    (12,'2016-12-05 00:00:00','2016-12-05 00:00:00',1),
    (13,'2016-12-05 00:00:00','2016-12-05 00:00:00',1),
    (14,'2016-12-05 00:00:00','2016-12-05 00:00:00',1),
    (15,'2016-12-05 00:00:00','2016-12-05 00:00:00',1),
    (16,'2016-12-05 00:00:00','2016-12-05 00:00:00',1),
    (17,'2016-12-05 00:00:00','2016-12-05 00:00:00',1),
    (18,'2016-12-05 00:00:00','2016-12-05 00:00:00',1),
    (19,'2016-12-05 00:00:00','2016-12-05 00:00:00',1),
    (20,'2016-12-05 00:00:00','2016-12-05 00:00:00',1),
    (21,'2016-12-05 00:00:00','2016-12-05 00:00:00',1),
    (22,'2016-12-05 00:00:00','2016-12-05 00:00:00',1),
    (23,'2016-12-05 00:00:00','2016-12-05 00:00:00',1),
    (24,'2016-12-05 00:00:00','2016-12-05 00:00:00',1),
    (25,'2016-12-05 00:00:00','2016-12-05 00:00:00',1),
    (26,'2016-12-05 00:00:00','2016-12-05 00:00:00',1),
    (27,'2016-12-05 00:00:00','2016-12-05 00:00:00',1),
    (28,'2016-12-05 00:00:00','2016-12-05 00:00:00',1);
GO

INSERT INTO [Order].OrderProducts ([OrderID],[ProductID]) VALUES
    (32,11),
    (28,1),
    (46,2),
    (12,4),
    (13,17),
    (47,2),
    (2,16),
    (43,10),
    (5,10),
    (35,5),
    (18,19),
    (3,9),
    (14,16),
    (47,15),
    (43,6),
    (28,19),
    (2,14),
    (25,14),
    (35,8),
    (21,10),
    (42,8),
    (50,14),
    (17,13),
    (18,10),
    (5,3),
    (14,19),
    (47,14),
    (24,11),
    (4,5),
    (27,18),
    (2,19),
    (42,9),
    (24,12),
    (7,13),
    (45,9),
    (18,3),
    (31,3),
    (6,17),
    (32,10),
    (25,16),
    (12,14),
    (5,16),
    (22,2),
    (22,4),
    (6,8),
    (23,16),
    (41,2),
    (22,13),
    (28,2),
    (29,10),
    (6,18),
    (1,19),
    (44,2),
    (31,6),
    (42,5),
    (45,11),
    (22,18),
    (21,4),
    (46,18),
    (1,2),
    (50,11),
    (30,12),
    (29,2),
    (47,19),
    (31,1),
    (2,6),
    (2,9),
    (40,13),
    (20,19),
    (25,9),
    (2,18),
    (4,16),
    (33,6),
    (28,5),
    (42,18),
    (31,7),
    (32,2),
    (27,12),
    (45,1),
    (31,2),
    (19,11),
    (23,8),
    (20,9),
    (26,7),
    (23,3),
    (22,10),
    (31,8),
    (45,18),
    (17,14),
    (16,8),
    (13,9),
    (40,5),
    (24,16),
    (2,5),
    (13,7),
    (26,4),
    (45,15),
    (50,17),
    (42,3),
    (22,12),
    (22,19),
    (39,14),
    (34,14),
    (27,15),
    (31,5),
    (4,4),
    (5,18),
    (48,10),
    (14,9),
    (21,7),
    (49,18),
    (20,5),
    (14,1),
    (48,5),
    (1,1),
    (44,7),
    (26,8),
    (19,6),
    (40,19),
    (44,12),
    (40,3),
    (10,2),
    (43,8),
    (9,11),
    (49,2),
    (49,19),
    (11,6),
    (28,18),
    (10,12),
    (31,10),
    (30,5),
    (23,5),
    (45,19),
    (21,5),
    (43,4),
    (19,4),
    (44,10),
    (48,18),
    (43,5),
    (1,13),
    (38,3),
    (17,11),
    (50,9),
    (6,19),
    (42,19),
    (22,14),
    (25,5),
    (43,15),
    (27,17),
    (25,8),
    (9,4),
    (36,16),
    (19,7),
    (7,10),
    (21,3),
    (19,5),
    (43,18),
    (27,4),
    (19,18),
    (41,8),
    (8,13),
    (32,17),
    (37,9),
    (2,7),
    (24,2),
    (37,15),
    (24,7),
    (42,10),
    (15,18),
    (11,8),
    (24,4),
    (15,13),
    (49,12),
    (13,6),
    (47,3),
    (50,18),
    (44,3),
    (50,5),
    (39,8),
    (40,4),
    (42,17),
    (9,9),
    (33,12),
    (44,17),
    (44,5),
    (33,2),
    (46,8),
    (50,4),
    (38,12),
    (15,5),
    (35,16),
    (44,13),
    (42,13),
    (2,12),
    (17,1),
    (42,4),
    (39,7),
    (23,6),
    (27,8),
    (27,16),
    (6,16),
    (42,6),
    (15,3),
    (29,7),
    (35,12),
    (24,5),
    (43,13),
    (26,1),
    (42,7),
    (44,4),
    (28,10),
    (45,16),
    (2,17),
    (32,15),
    (49,10),
    (22,17),
    (8,17),
    (15,4),
    (21,19),
    (49,1),
    (7,16),
    (28,17),
    (34,9),
    (29,8),
    (8,18);
GO
 
INSERT INTO [Order].CartProducts ([CartID],[ProductID]) VALUES
    (23,12),
    (7,9),
    (25,19),
    (19,16),
    (19,11),
    (9,8),
    (25,10),
    (10,17),
    (11,7),
    (9,16),
    (28,18),
    (26,5),
    (13,5),
    (19,5),
    (18,8),
    (7,15),
    (22,4),
    (10,19),
    (10,13),
    (23,10),
    (4,3),
    (9,11),
    (4,14),
    (25,8),
    (17,7),
    (4,15),
    (7,1),
    (24,15),
    (4,5),
    (20,1),
    (13,9),
    (25,18),
    (14,6),
    (21,18),
    (12,4),
    (5,7),
    (6,14),
    (11,12),
    (17,3),
    (9,14),
    (15,2),
    (26,10),
    (27,3),
    (24,17),
    (23,9),
    (12,15),
    (6,9),
    (13,3),
    (7,4),
    (26,9),
    (14,10),
    (27,2),
    (20,11),
    (13,10),
    (19,4),
    (22,8),
    (14,11),
    (9,10),
    (5,18),
    (6,10),
    (20,12),
    (5,4),
    (28,14),
    (9,19),
    (15,3),
    (7,14),
    (16,9),
    (18,6),
    (13,19),
    (7,12),
    (4,4),
    (11,5),
    (17,5),
    (7,10),
    (17,6);
GO